{
  "brands": [
    {
      "brandName": "DRIFT CARS",

      "vehicles": [
        "00excursion",

        "16cc",

        "18performante",

        "rs6",

        "lbr8",

        "20f250",

        "63lb",

        "65c10",

        "206fn",

        "235if22",

        "2012leon",

        "2019M5",

        "193500hd",

        "a6avant",

        "a615",

        "acs8",

        "alfieri",

        "aperta",

        "astraj",

        "audirs6tk",

        "avalon",

        "bentaygast",

        "bexp",

        "bm8c",

        "bmci",

        "bnsgtr99",

        "cam8tun",

        "camaross",

        "cayenneturbo",

        "chargerf8",

        "chargersb",

        "chry300",

        "cls63s",

        "contss18",

        "crz",

        "dawn",

        "dbs2009",

        "e500c",

        "e15082",

        "evo9mr",

        "f8t",

        "f100",

        "fj40",

        "fmss",

        "ftype",

        "gle450",

        "gs350",

        "gt86",

        "gto65",

        "gtrc",

        "gx460",

        "huayrar",

        "ipace",

        "isf",
        "j200",

        "jeep2012",

        "l37",

        "lambose",

        "lbr8",

        "lc200",

        "lx2018",

        "macla",

        "marr",

        "mbh",

        "mbwz4",
        "mgt",

        "mr2zzw30",

        "mustang19",

        "nismo20",

        "nisr32",

        "r820",

        "rancherxlextreme",

        "rmodlp770",

        "RollsRoyceCP",

        "rr12",

        "rs318",
        "rt70",

        "rx450h",

        "s10",

        "silver67",

        "stockiroc",

        "superduty",

        "supersport",

        "tahoe",

        "techart17",

        "terzo",

        "trafic_fourgon_ph1",

        "tule",

        "tulenis",

        "vantage",

        "velar",

        "vwtoua19c",

        "xnsgt",

        "ZIM",

        "zondar"
      ]
    },
    {
      "admin": "true",

      "brandName": "Razac's Cars ",

      "vehicles": [
        "Example1"
      ]
    }
  ]
}