{
  "teleports": [
    {
      "name": "Airport",
      "coordinates": {
        "X": -891.98,
        "Y": -3193.82,
        "Z": 13.94,
        "IsNormalized": false,
        "IsZero": false
      },
      "heading": 55.25,
      "credits": "GTA 5"
    },
    {
      "name": "Airport CarPark",
      "coordinates": {
        "X": -934.34,
        "Y": -2647.07,
        "Z": 39.25,
        "IsNormalized": false,
        "IsZero": false
      },
      "heading": 154.25,
      "credits": "GTA 5"
    },
    {
      "name": "Bay Tree Canyon Drift",
      "coordinates": {
        "X": 137.28,
        "Y": 1646.29,
        "Z": 228.98,
        "IsNormalized": false,
        "IsZero": false
      },
      "heading": 293.42,
      "credits": "GTA 5"
    },
    {
      "name": "Docks",
      "coordinates": {
        "X": 955.96,
        "Y": -3143.06,
        "Z": 5.9,
        "IsNormalized": false,
        "IsZero": false
      },
      "heading": 356.1,
      "credits": "GTA 5"
    },
    {
      "name": "Forest Run",
      "coordinates": {
        "X": -1959.16,
        "Y": 4468.58,
        "Z": 33.75,
        "IsNormalized": false,
        "IsZero": false
      },
      "heading": 239.7,
      "credits": "GTA 5"
    },
    {
      "name": "Gymkhana Playground",
      "coordinates": {
        "X": -1000.84,
        "Y": -2348.28,
        "Z": 13.46,
        "IsNormalized": false,
        "IsZero": false
      },
      "heading": 61.38,
      "credits": "GTA 5 Mods"
    },
    {
      "name": "Humane Labs Drift",
      "coordinates": {
        "X": 3629.84,
        "Y": 3753.36,
        "Z": 28.52,
        "IsNormalized": false,
        "IsZero": false
      },
      "heading": 15.72,
      "credits": "GTA 5"
    },
    {
      "name": "MerryWhether Docks",
      "coordinates": {
        "X": 472.94,
        "Y": -3035.96,
        "Z": 6.2,
        "IsNormalized": false,
        "IsZero": false
      },
      "heading": 356.1,
      "credits": "GTA 5"
    },
    {
      "name": "Observatory",
      "coordinates": {
        "X": -413.5,
        "Y": 1167.53,
        "Z": 325.85,
        "IsNormalized": false,
        "IsZero": false
      },
      "heading": 343.82,
      "credits": "GTA 5"
    },
    {
      "name": "Post Op Drift",
      "coordinates": {
        "X": -387.85,
        "Y": -2773.06,
        "Z": 6.0,
        "IsNormalized": false,
        "IsZero": false
      },
      "heading": 133.81,
      "credits": "GTA 5"
    },
    {
      "name": "Sandy Shores Drift",
      "coordinates": {
        "X": 2011.66,
        "Y": 3816.25,
        "Z": 32.29,
        "IsNormalized": false,
        "IsZero": false
      },
      "heading": 38.38,
      "credits": "GTA 5"
    },
    {
      "name": "Workshop",
      "coordinates": {
        "X": -73.94,
        "Y": -817.81,
        "Z": 285.0,
        "IsNormalized": false,
        "IsZero": false
      },
      "heading": 38.38,
      "credits": "GTA 5"
    },
    {
      "name": "Workshop Main",
      "coordinates": {
        "X": 986.65,
        "Y": -3007.69,
        "Z": -39.65,
        "IsNormalized": false,
        "IsZero": false
      },
      "heading": 38.38,
      "credits": "GTA 5"
    }
  ]
}