{
  "addonTeleports": [
    {
      "name": "Akagi (Top)",
      "coordinates": {
        "X": 3420.97,
        "Y": 5067.54,
        "Z": 238.37,
        "IsNormalized": false,
        "IsZero": false
      },
      "heading": 274.6,
      "credits": "GTA 5 Mods"
    },
    {
      "name": "Akagi (Bottom)",
      "coordinates": {
        "X": 4521.14,
        "Y": 4247.37,
        "Z": 11.9,
        "IsNormalized": false,
        "IsZero": false
      },
      "heading": 47.29,
      "credits": "GTA 5 Mods"
    },
    {
      "name": "Akina (Top)",
      "coordinates": {
        "X": -3273.35,
        "Y": 4837.63,
        "Z": 418.01,
        "IsNormalized": false,
        "IsZero": false
      },
      "heading": 346.1,
      "credits": "GTA 5 Mods"
    },
    {
      "name": "Akina (Bottom)",
      "coordinates": {
        "X": -1032.83,
        "Y": 6972.67,
        "Z": 35.6,
        "IsNormalized": false,
        "IsZero": false
      },
      "heading": 245.2,
      "credits": "GTA 5 Mods"
    },
    {
      "name": "Bihoku",
      "coordinates": {
        "X": 6205.75,
        "Y": -6027.6,
        "Z": 34.32,
        "IsNormalized": false,
        "IsZero": false
      },
      "heading": 68.45,
      "credits": "GTA 5 Mods"
    },
    {
      "name": "Daikoku Futo",
      "coordinates": {
        "X": -7123.39,
        "Y": 7338.31,
        "Z": 8.32,
        "IsNormalized": false,
        "IsZero": false
      },
      "heading": 202.77,
      "credits": "CHR-15"
    },
    {
      "name": "Deriphill",
      "coordinates": {
        "X": -5304.08,
        "Y": 6034.1,
        "Z": 22.16,
        "IsNormalized": false,
        "IsZero": false
      },
      "heading": 215.81,
      "credits": "CHR-15"
    },
    {
      "name": "Drift Playground",
      "coordinates": {
        "X": -1124.09,
        "Y": -5607.86,
        "Z": 21.91,
        "IsNormalized": false,
        "IsZero": false
      },
      "heading": 141.63,
      "credits": "CHR-15"
    },
    {
      "name": "Ebisu Higashi",
      "coordinates": {
        "X": -6417.27,
        "Y": 541.91,
        "Z": 88.12,
        "IsNormalized": false,
        "IsZero": false
      },
      "heading": 62.34,
      "credits": "TheAussie"
    },
    {
      "name": "Ebisu Kita",
      "coordinates": {
        "X": 2882.63,
        "Y": -1921.81,
        "Z": 33.35,
        "IsNormalized": false,
        "IsZero": false
      },
      "heading": 79.0,
      "credits": "GTA 5 Mods"
    },
    {
      "name": "Ebisu Minami",
      "coordinates": {
        "X": -1994.97,
        "Y": -3798.6,
        "Z": 17.0,
        "IsNormalized": false,
        "IsZero": false
      },
      "heading": 323.85,
      "credits": "CHR-15"
    },
    {
      "name": "Ebisu Touge",
      "coordinates": {
        "X": -1344.91,
        "Y": -4625.88,
        "Z": 7.06,
        "IsNormalized": false,
        "IsZero": false
      },
      "heading": 314.56,
      "credits": "CHR-15"
    },
    {
      "name": "Ebisu West",
      "coordinates": {
        "X": 1221.6,
        "Y": -4975.79,
        "Z": 21.13,
        "IsNormalized": false,
        "IsZero": false
      },
      "heading": 264.36,
      "credits": "CHR-15"
    },
    {
      "name": "Estonia",
      "coordinates": {
        "X": -2958.2,
        "Y": -2602.17,
        "Z": 13.05,
        "IsNormalized": false,
        "IsZero": false
      },
      "heading": 8.06,
      "credits": "GTA 5 Mods"
    },
    {
      "name": "Fuji",
      "coordinates": {
        "X": 4310.7,
        "Y": 1468.04,
        "Z": 17.07,
        "IsNormalized": false,
        "IsZero": false
      },
      "heading": 285.24,
      "credits": "CHR-15"
    },
    {
      "name": "Gokart",
      "coordinates": {
        "X": 3583.26,
        "Y": 449.36,
        "Z": 15.76,
        "IsNormalized": false,
        "IsZero": false
      },
      "heading": 222.16,
      "credits": "The Aussie & AspireHD"
    },
    {
      "name": "Gunsai Touge",
      "coordinates": {
        "X": 5183.65,
        "Y": 5731.93,
        "Z": 54.45,
        "IsNormalized": false,
        "IsZero": false
      },
      "heading": 249.73,
      "credits": "CHR-15"
    },
    {
      "name": "Happogahara (Start)",
      "coordinates": {
        "X": 7201.71,
        "Y": 7533.21,
        "Z": 29.8,
        "IsNormalized": false,
        "IsZero": false
      },
      "heading": 58.0,
      "credits": "GTA 5 Mods"
    },
    {
      "name": "Happogahara (Finish)",
      "coordinates": {
        "X": 5422.64,
        "Y": 6699.15,
        "Z": 123.86,
        "IsNormalized": false,
        "IsZero": false
      },
      "heading": 186.6,
      "credits": "GTA 5 Mods"
    },
    {
      "name": "Haruna (Top)",
      "coordinates": {
        "X": 4497.98,
        "Y": -270.89,
        "Z": 507.68,
        "IsNormalized": false,
        "IsZero": false
      },
      "heading": 235.19,
      "credits": "TheAussie"
    },
    {
      "name": "Haruna (Bottom)",
      "coordinates": {
        "X": 6728.72,
        "Y": 1759.05,
        "Z": 45.16,
        "IsNormalized": false,
        "IsZero": false
      },
      "heading": 80.56,
      "credits": "TheAussie"
    },
    {
      "name": "Irohazaka (Top)",
      "coordinates": {
        "X": 4237.19,
        "Y": 3698.06,
        "Z": 352.33,
        "IsNormalized": false,
        "IsZero": false
      },
      "heading": 284.2,
      "credits": "GTA 5 Mods"
    },
    {
      "name": "Irohazaka (Bottom)",
      "coordinates": {
        "X": 5533.58,
        "Y": 2838.91,
        "Z": 12.78,
        "IsNormalized": false,
        "IsZero": false
      },
      "heading": 356.2,
      "credits": "GTA 5 Mods"
    },
    {
      "name": "Kagarasan (Top)",
      "coordinates": {
        "X": -6676.28,
        "Y": -2657.19,
        "Z": 333.12,
        "IsNormalized": false,
        "IsZero": false
      },
      "heading": 101.54,
      "credits": "GTA 5 Mods"
    },
    {
      "name": "Kagarasan (Bottom)",
      "coordinates": {
        "X": -5723.89,
        "Y": -1780.75,
        "Z": 9.33,
        "IsNormalized": false,
        "IsZero": false
      },
      "heading": 292.38,
      "credits": "GTA 5 Mods"
    },
    {
      "name": "Kanagawa (Top)",
      "coordinates": {
        "X": -3787.41,
        "Y": -1240.05,
        "Z": 58.03,
        "IsNormalized": false,
        "IsZero": false
      },
      "heading": 278.28,
      "credits": "GTA 5 Mods"
    },
    {
      "name": "Kanagawa (Bottom)",
      "coordinates": {
        "X": -3830.63,
        "Y": -879.05,
        "Z": 27.15,
        "IsNormalized": false,
        "IsZero": false
      },
      "heading": 285.32,
      "credits": "GTA 5 Mods"
    },
    {
      "name": "Lake Louise",
      "coordinates": {
        "X": -11677.7373,
        "Y": -6711.73145,
        "Z": 8.632274,
        "IsNormalized": false,
        "IsZero": false
      },
      "heading": 290.931152,
      "credits": "GTA 5 Mods"
    },
    {
      "name": "Lake Touge",
      "coordinates": {
        "X": 1957.54,
        "Y": -2991.56,
        "Z": 37.11,
        "IsNormalized": false,
        "IsZero": false
      },
      "heading": 186.24,
      "credits": "GTA 5 Mods"
    },
    {
      "name": "Lookout Point / Carbon (Top)",
      "coordinates": {
        "X": -4895.89,
        "Y": -962.44,
        "Z": 489.26,
        "IsNormalized": false,
        "IsZero": false
      },
      "heading": 308.3,
      "credits": "GTA 5 Mods"
    },
    {
      "name": "Lookout Point / Carbon (Bottom)",
      "coordinates": {
        "X": -4691.3,
        "Y": 460.25,
        "Z": 23.6,
        "IsNormalized": false,
        "IsZero": false
      },
      "heading": 187.08,
      "credits": "GTA 5 Mods"
    },
    {
      "name": "Meihan",
      "coordinates": {
        "X": -5075.26,
        "Y": 969.81,
        "Z": 6.99,
        "IsNormalized": false,
        "IsZero": false
      },
      "heading": 315.44,
      "credits": "CHR-15"
    },
    {
      "name": "Miyagase (Top)",
      "coordinates": {
        "X": 3513.6,
        "Y": -1527.66,
        "Z": 75.6,
        "IsNormalized": false,
        "IsZero": false
      },
      "heading": 201.53,
      "credits": "GTA 5 Mods"
    },
    {
      "name": "Miyagase (Bottom)",
      "coordinates": {
        "X": 3877.32,
        "Y": -1498.91,
        "Z": 62.0,
        "IsNormalized": false,
        "IsZero": false
      },
      "heading": 136.32,
      "credits": "GTA 5 Mods"
    },
    {
      "name": "Motorland SP",
      "coordinates": {
        "X": 6973.03,
        "Y": 3039.56,
        "Z": 19.45,
        "IsNormalized": false,
        "IsZero": false
      },
      "heading": 118.82,
      "credits": "CHR-15"
    },
    {
      "name": "Myogi",
      "coordinates": {
        "X": 6434.86,
        "Y": -143.49,
        "Z": 1272.77,
        "IsNormalized": false,
        "IsZero": false
      },
      "heading": 178.96,
      "credits": "TheAussie"
    },
    {
      "name": "Nikko Circuit",
      "coordinates": {
        "X": -2870.98,
        "Y": -1373.95,
        "Z": 27.41,
        "IsNormalized": false,
        "IsZero": false
      },
      "heading": 180.81,
      "credits": "CHR-15"
    },
    {
      "name": "Okutama",
      "coordinates": {
        "X": 4077.5,
        "Y": -82.31,
        "Z": 19.89,
        "IsNormalized": false,
        "IsZero": false
      },
      "heading": 143.93,
      "credits": "GTA 5 Mods"
    },
    {
      "name": "Sekia Hills",
      "coordinates": {
        "X": 3701.24,
        "Y": 1866.27,
        "Z": 16.93,
        "IsNormalized": false,
        "IsZero": false
      },
      "heading": 186.1,
      "credits": "TheAussie"
    },
    {
      "name": "Shomaru (Start)",
      "coordinates": {
        "X": 5089.33,
        "Y": -7735.33,
        "Z": 317.5,
        "IsNormalized": false,
        "IsZero": false
      },
      "heading": 21.92,
      "credits": "TheAussie"
    },
    {
      "name": "Shomaru (Finish)",
      "coordinates": {
        "X": 4264.44,
        "Y": -4902.75,
        "Z": 50.43,
        "IsNormalized": false,
        "IsZero": false
      },
      "heading": 50.98,
      "credits": "TheAussie"
    },
    {
      "name": "Tamada",
      "coordinates": {
        "X": -3038.64282,
        "Y": 2685.95386,
        "Z": 5.699734,
        "IsNormalized": false,
        "IsZero": false
      },
      "heading": 58.3439178,
      "credits": "CHR-15"
    },
    {
      "name": "Tail of the Dragon (Top)",
      "coordinates": {
        "X": 2285.86,
        "Y": 8499.94,
        "Z": 122.34,
        "IsNormalized": false,
        "IsZero": false
      },
      "heading": 152.31,
      "credits": "GTA 5 Mods"
    },
    {
      "name": "Tail of the Dragon (Bottom)",
      "coordinates": {
        "X": 4984.57,
        "Y": 4013.59,
        "Z": 111.17,
        "IsNormalized": false,
        "IsZero": false
      },
      "heading": 90.64,
      "credits": "GTA 5 Mods"
    },
    {
      "name": "Tsuchisaka (Top)",
      "coordinates": {
        "X": -3631.88,
        "Y": -2884.95,
        "Z": 230.9,
        "IsNormalized": false,
        "IsZero": false
      },
      "heading": 42.63,
      "credits": "GTA 5 Mods & Meh for Editing"
    },
    {
      "name": "Tsuchisaka (Bottom)",
      "coordinates": {
        "X": -6054.14,
        "Y": -450.4,
        "Z": 43.6,
        "IsNormalized": false,
        "IsZero": false
      },
      "heading": 200.77,
      "credits": "GTA 5 Mods & Meh for Editing"
    },
    {
      "name": "Transfagarasan (Top)",
      "coordinates": {
        "X": 14090.8,
        "Y": -11157.5,
        "Z": 1441.2,
        "IsNormalized": false,
        "IsZero": false
      },
      "heading": 322.0,
      "credits": "g.xis"
    },
    {
      "name": "Transfagarasan (Bottom)",
      "coordinates": {
        "X": 11535.0,
        "Y": -3087.4,
        "Z": 28.3,
        "IsNormalized": false,
        "IsZero": false
      },
      "heading": 142.0,
      "credits": "g.xis"
    },
    {
      "name": "Usui (Top)",
      "coordinates": {
        "X": 2570.05,
        "Y": -6915.15,
        "Z": 655.06,
        "IsNormalized": false,
        "IsZero": false
      },
      "heading": 314.0,
      "credits": "GTA 5 Mods"
    },
    {
      "name": "Usui (Bottom)",
      "coordinates": {
        "X": -1354.68,
        "Y": -7071.94,
        "Z": 35.64,
        "IsNormalized": false,
        "IsZero": false
      },
      "heading": 94.73,
      "credits": "GTA 5 Mods"
    },
    {
      "name": "VDC Mondello",
      "coordinates": {
        "X": -3089.04834,
        "Y": -4006.72314,
        "Z": 19.1629658,
        "IsNormalized": false,
        "IsZero": false
      },
      "heading": 353.8416,
      "credits": "CHR-15"
    },
    {
      "name": "Yamanashi",
      "coordinates": {
        "X": -3383.59,
        "Y": 1438.19,
        "Z": 16.78,
        "IsNormalized": false,
        "IsZero": false
      },
      "heading": 89.15,
      "credits": "CHR-15"
    },
    {
      "name": "YZ West",
      "coordinates": {
        "X": 3129.29,
        "Y": -893.57,
        "Z": 22.8,
        "IsNormalized": false,
        "IsZero": false
      },
      "heading": 265.48,
      "credits": "GTA 5 Mods"
    }
  ],
  "raceBlips": [
    {
      "name": "Observatory",
      "spriteID": 127,
      "color": "0",
      "coordinates": {
        "X": -431.88,
        "Y": 1193.80,
        "Z": 323.41
      }
    },
    {
      "name": "Myogi",
      "spriteID": 127,
      "color": "0",
      "coordinates": {
        "X": 6465.07,
        "Y": -203.01,
        "Z": 1271.56
      }
    },
    {
      "name": "Usui Downhill",
      "spriteID": 127,
      "color": "0",
      "coordinates": {
        "X": 2546.69,
        "Y": -6866.12,
        "Z": 652.20
      }
    },
    {
      "name": "Usui Uphill",
      "spriteID": 127,
      "color": "0",
      "coordinates": {
        "X": -1394.11,
        "Y": -7085.99,
        "Z": 34.32
      }
    },
    {
      "name": "Tsuchisaka",
      "spriteID": 127,
      "color": "0",
      "coordinates": {
        "X": -3653.36,
        "Y": -2837.63,
        "Z": 230.28
      }
    },
    {
      "name": "Shomaru",
      "spriteID": 127,
      "color": "0",
      "coordinates": {
        "X": 5102.53,
        "Y": -7699.65,
        "Z": 312.60
      }
    },
    {
      "name": "Akagi Downhill",
      "spriteID": 127,
      "color": "0",
      "coordinates": {
        "X": 3471.98,
        "Y": 5066.4,
        "Z": 231.85
      }
    },
    {
      "name": "Akagi Uphill",
      "spriteID": 127,
      "color": "0",
      "coordinates": {
        "X": 4506.37,
        "Y": 4270.7,
        "Z": 8.4
      }
    },
    {
      "name": "Akina Downhill",
      "spriteID": 127,
      "color": "0",
      "coordinates": {
        "X": -3290.77,
        "Y": 4889.41,
        "Z": 412.76
      }
    },
    {
      "name": "Akina Uphill",
      "spriteID": 127,
      "color": "0",
      "coordinates": {
        "X": -1009.45,
        "Y": 6947.60,
        "Z": 33.95
      }
    },
    {
      "name": "Ebisu Touge",
      "spriteID": 127,
      "color": "0",
      "coordinates": {
        "X": -1319.86658,
        "Y": -4602.38428,
        "Z": 4.89
      }
    },
    {
      "name": "Gunsai Touge",
      "spriteID": 127,
      "color": "0",
      "coordinates": {
        "X": 5215.315,
        "Y": 5713.71143,
        "Z": 52.00433
      }
    },
    {
      "name": "Happogahara",
      "spriteID": 127,
      "color": "0",
      "coordinates": {
        "X": 7038.59668,
        "Y": 7633.338,
        "Z": 32.94
      }
    },
    {
      "name": "Happogahara Reverse",
      "spriteID": 127,
      "color": "0",
      "coordinates": {
        "X": 5405.156,
        "Y": 6698.434,
        "Z": 122.58
      }
    },
    {
      "name": "Irohazaka Downhill",
      "spriteID": 127,
      "color": "0",
      "coordinates": {
        "X": 4258.864,
        "Y": 3703.36816,
        "Z": 349.96402
      }
    },
    {
      "name": "Kagarasan Downhill",
      "spriteID": 127,
      "color": "0",
      "coordinates": {
        "X": -6689.9,
        "Y": -2664.817,
        "Z": 331.0084
      }
    },
    {
      "name": "Kagarasan Uphill",
      "spriteID": 127,
      "color": "0",
      "coordinates": {
        "X": -5708.359,
        "Y": -1785.62244,
        "Z": 7.600365
      }
    },
    {
      "name": "Lake Louise",
      "spriteID": 127,
      "color": "0",
      "coordinates": {
        "X": -11525.5527,
        "Y": -6784.473,
        "Z": 5.969
      }
    },
    {
      "name": "Lake Touge",
      "spriteID": 127,
      "color": "0",
      "coordinates": {
        "X": 1932.75061,
        "Y": -2977.771,
        "Z": 34.7155
      }
    },
    {
      "name": "Carbon Downhill",
      "spriteID": 127,
      "color": "0",
      "coordinates": {
        "X": -4864.095,
        "Y": -945.072754,
        "Z": 482.7422
      }
    },
    {
      "name": "Carbon Uphill",
      "spriteID": 127,
      "color": "0",
      "coordinates": {
        "X": -4693.509,
        "Y": 407.122833,
        "Z": 25.172
      }
    },
    {
      "name": "Transfagarasan Down",
      "spriteID": 127,
      "color": "0",
      "coordinates": {
        "X": 14107.39,
        "Y": -11092.9336,
        "Z": 1433.671
      }
    },
    {
      "name": "Transfagarasan Up",
      "spriteID": 127,
      "color": "0",
      "coordinates": {
        "X": 11476.6992,
        "Y": -3312.64771,
        "Z": 32.298
      }
    }
  ]
}